{
    "name": "customers_vs_orders pipeline",
    "properties": {
        "activities": [
            {
                "name": "customers_vs_orders_notebook",
                "type": "SynapseNotebook",
                "dependsOn": [],
                "policy": {
                    "timeout": "7.00:00:00",
                    "retry": 0,
                    "retryIntervalInSeconds": 30,
                    "secureOutput": false,
                    "secureInput": false
                },
                "userProperties": [],
                "typeProperties": {
                    "notebook": {
                        "referenceName": "customers_vs_orders",
                        "type": "NotebookReference"
                    },
                    "snapshot": true
                }
            },
            {
                "name": "copy_blob_to_postgresql",
                "type": "Copy",
                "dependsOn": [
                    {
                        "activity": "customers_vs_orders_notebook",
                        "dependencyConditions": [
                            "Succeeded"
                        ]
                    }
                ],
                "policy": {
                    "timeout": "7.00:00:00",
                    "retry": 0,
                    "retryIntervalInSeconds": 30,
                    "secureOutput": false,
                    "secureInput": false
                },
                "userProperties": [],
                "typeProperties": {
                    "source": {
                        "type": "DelimitedTextSource",
                        "storeSettings": {
                            "type": "AzureBlobStorageReadSettings",
                            "recursive": true,
                            "wildcardFolderPath": "ecomm/sales_by_customer_csv",
                            "wildcardFileName": "*.csv",
                            "enablePartitionDiscovery": false
                        },
                        "formatSettings": {
                            "type": "DelimitedTextReadSettings"
                        }
                    },
                    "sink": {
                        "type": "AzurePostgreSQLSink",
                        "writeBatchSize": 1000,
                        "writeBatchTimeout": "00:30:00",
                        "writeMethod": "CopyCommand"
                    },
                    "enableStaging": false,
                    "translator": {
                        "type": "TabularTranslator",
                        "typeConversion": true,
                        "typeConversionSettings": {
                            "allowDataTruncation": true,
                            "treatBooleanAsNumber": false
                        }
                    }
                },
                "inputs": [
                    {
                        "referenceName": "sales_by_customer_csv_blob",
                        "type": "DatasetReference"
                    }
                ],
                "outputs": [
                    {
                        "referenceName": "customer_sales_AzurePostgreSql",
                        "type": "DatasetReference"
                    }
                ]
            }
        ],
        "annotations": []
    }
}