{
    "name": "customer_sales_AzurePostgreSql",
    "properties": {
        "linkedServiceName": {
            "referenceName": "demoAzurePostgreSql",
            "type": "LinkedServiceReference"
        },
        "annotations": [],
        "type": "AzurePostgreSqlTable",
        "schema": [
            {
                "name": "customer_id",
                "type": "character varying",
                "precision": 0,
                "scale": 0
            },
            {
                "name": "id",
                "type": "character varying",
                "precision": 0,
                "scale": 0
            },
            {
                "name": "order_count",
                "type": "integer",
                "precision": 0,
                "scale": 0
            },
            {
                "name": "total_dollar_amount",
                "type": "money",
                "precision": 0,
                "scale": 0
            },
            {
                "name": "total_item_count",
                "type": "integer",
                "precision": 0,
                "scale": 0
            }
        ],
        "typeProperties": {
            "schema": "public",
            "table": "customer_sales"
        }
    }
}