{
    "name": "sales_by_customer_csv_blob",
    "properties": {
        "linkedServiceName": {
            "referenceName": "cjoakimstorageAzureBlobStorage",
            "type": "LinkedServiceReference"
        },
        "annotations": [],
        "type": "DelimitedText",
        "typeProperties": {
            "location": {
                "type": "AzureBlobStorageLocation",
                "folderPath": "sales_by_customer_csv",
                "container": "synapse"
            },
            "columnDelimiter": ",",
            "escapeChar": "\\",
            "firstRowAsHeader": true,
            "quoteChar": "\""
        },
        "schema": []
    }
}