{
    "now": "2021-10-25T21:55:45.953Z",
    "perfNow": 7336416.099999998,
    "diagnosticCorrelation": "c934ffea-fe4b-4a73-9aab-3e998a9532a7",
    "source": "DownloadSupportFiles",
    "environment": {
        "productName": "a365",
        "buildVersion": "21.1017.02",
        "environmentType": 9,
        "resourceName": "cjoakimcslsynapse",
        "resourceRegion": "eastus",
        "resourceGroup": "cjoakimcsldemo",
        "subscriptionId": "61761119-d249-4507-90c6-a16517e1874c",
        "sessionId": "v9+p0",
        "operationId": "+bz18",
        "gitType": "live"
    },
    "additionalInfo": {
        "selectedResource": "customers_vs_orders pipeline",
        "selectedResourceType": "pipeline"
    }
}